,count_vectorization,tfidf_vectorization,NB,KNN,SVM
0,70.65374810100184,61.22478520200093,0.2706966010009637,9.633735092997085,386.55769759899704
1,70.65374810100184,61.22478520200093,0.2706966010009637,9.633735092997085,"                           class  f1_score  precision  recall  support  \
Model_Vec                                                                
SVM, Count Vectors:            0      0.97       0.94    1.00     1467   
SVM, Count Vectors:            1      0.97       1.00    0.94     1596   
SVM, Count Vectors Char:       0      0.94       0.90    0.99     1426   
SVM, Count Vectors Char:       1      0.95       0.99    0.91     1637   
SVM, WordLevel TF-IDF:         0      1.00       1.00    1.00     1554   
SVM, WordLevel TF-IDF:         1      1.00       1.00    1.00     1509   
SVM, N-Gram Vectors:           0      0.71       1.00    0.55     2840   
SVM, N-Gram Vectors:           1      0.26       0.15    1.00      223   
SVM, CharLevel Vectors:        0      0.71       1.00    0.55     2840   
SVM, CharLevel Vectors:        1      0.26       0.15    1.00      223   

                           time_secs  
Model_Vec                             
SVM, Count Vectors:         2.629210  
SVM, Count Vectors:         2.629210  
SVM, Count Vectors Char:    2.709621  
SVM, Count Vectors Char:    2.709621  
SVM, WordLevel TF-IDF:      2.057210  
SVM, WordLevel TF-IDF:      2.057210  
SVM, N-Gram Vectors:        1.346587  
SVM, N-Gram Vectors:        1.346587  
SVM, CharLevel Vectors:     1.357619  
SVM, CharLevel Vectors:     1.357619  "
